City_ID,City,Country,Date,Lat,Lng,Max Temp,Humidity,Cloudiness,Wind Speed
0,Salym,RU,2022-05-07 20:28:06,60.0625,71.4789,32.29,99,100,5.53
1,Thompson,CA,2022-05-07 20:28:06,55.7435,-97.8558,69.96,43,75,10.36
2,Santa Maria,BR,2022-05-07 20:28:07,-29.6842,-53.8069,67.3,60,0,5.75
3,Yellowknife,CA,2022-05-07 20:28:07,62.456,-114.3525,37.92,93,100,28.77
4,Acarau,BR,2022-05-07 20:28:08,-2.8856,-40.12,80.58,84,80,8.88
5,Kenai,US,2022-05-07 20:25:04,60.5544,-151.2583,57.02,56,0,10.36
6,Albany,US,2022-05-07 20:26:40,42.6001,-73.9662,59.43,34,100,1.01
7,Jacareacanga,BR,2022-05-07 20:28:08,-6.2222,-57.7528,81.64,83,100,1.59
8,Atuona,PF,2022-05-07 20:28:09,-9.8,-139.0333,78.4,73,19,16.2
9,Yulara,AU,2022-05-07 20:28:09,-25.2406,130.9889,42.64,61,0,5.75
10,Nanortalik,GL,2022-05-07 20:28:10,60.1432,-45.2371,39.9,74,100,5.55
11,Edd,ER,2022-05-07 20:28:10,13.9297,41.6925,83.5,82,79,10.76
12,Punta Arenas,CL,2022-05-07 20:28:11,-53.15,-70.9167,50.11,66,20,31.07
13,Pacific Grove,US,2022-05-07 20:26:54,36.6177,-121.9166,72.55,72,40,16.11
14,Mataura,NZ,2022-05-07 20:28:12,-46.1927,168.8643,57.47,98,100,3.29
15,Torbay,CA,2022-05-07 20:28:12,47.6666,-52.7314,42.58,61,75,18.41
16,Nikolskoye,RU,2022-05-07 20:28:13,59.7035,30.7861,53.71,87,100,3.04
17,Hobyo,SO,2022-05-07 20:28:13,5.3505,48.5268,83.1,83,7,20.89
18,Russell,US,2022-05-07 20:28:14,32.3502,-85.1999,79.12,43,20,11.5
19,Kon Tum,VN,2022-05-07 20:28:14,14.35,108.0,69.04,89,91,2.53
20,Chokurdakh,RU,2022-05-07 20:28:15,70.6333,147.9167,14.14,95,98,9.93
21,Butaritari,KI,2022-05-07 20:28:15,3.0707,172.7902,81.5,79,100,15.73
22,Beyneu,KZ,2022-05-07 20:28:16,45.3167,55.2,66.76,48,83,18.34
23,Hilo,US,2022-05-07 20:28:16,19.7297,-155.09,78.53,76,100,6.91
24,Lebu,CL,2022-05-07 20:23:49,-37.6167,-73.65,57.99,75,6,6.53
25,Matara,LK,2022-05-07 20:25:50,5.9485,80.5353,79.74,92,100,10.0
26,Jijiang,CN,2022-05-07 20:28:17,29.2906,106.2542,76.5,77,0,3.74
27,Castro,BR,2022-05-07 20:23:29,-24.7911,-50.0119,61.41,65,72,3.36
28,Severo-Kurilsk,RU,2022-05-07 20:28:18,50.6789,156.125,39.85,91,100,4.21
29,Coquimbo,CL,2022-05-07 20:25:04,-29.9533,-71.3436,60.53,72,75,3.44
30,Barrow,US,2022-05-07 20:28:18,71.2906,-156.7887,21.22,93,100,10.36
31,Bani Walid,LY,2022-05-07 20:28:19,31.7566,13.9942,65.1,54,50,13.06
32,Pevek,RU,2022-05-07 20:24:01,69.7008,170.3133,25.61,90,100,5.14
33,Saint-Joseph,RE,2022-05-07 20:28:19,-21.3667,55.6167,71.98,79,28,10.27
34,Port Elizabeth,ZA,2022-05-07 20:28:20,-33.918,25.5701,60.31,79,100,4.61
35,Vaike-Maarja,EE,2022-05-07 20:28:20,59.1264,26.25,42.31,94,100,10.04
36,Busselton,AU,2022-05-07 20:28:21,-33.65,115.3333,59.9,65,84,3.13
37,Saquena,PE,2022-05-07 20:28:21,-4.6667,-73.5167,80.46,89,100,2.75
38,Fayaoue,NC,2022-05-07 20:28:22,-20.65,166.5333,76.53,63,72,21.94
39,Ivanteyevka,RU,2022-05-07 20:28:22,55.9711,37.9208,57.74,76,60,8.19
40,Airai,TL,2022-05-07 20:27:02,-8.9266,125.4092,60.26,96,53,4.72
41,Samarkand,UZ,2022-05-07 20:28:23,39.6542,66.9597,71.02,56,0,13.8
42,Mawlaik,MM,2022-05-07 20:28:23,23.6333,94.4167,76.68,77,2,1.07
43,Jiaozuo,CN,2022-05-07 20:25:01,35.2397,113.2331,59.68,45,100,2.57
44,Ibia,BR,2022-05-07 20:28:13,-19.4783,-46.5389,83.66,57,96,4.38
45,Hobart,AU,2022-05-07 20:24:59,-42.8794,147.3294,51.66,81,75,12.66
46,Ahuimanu,US,2022-05-07 20:28:24,21.4447,-157.8378,82.11,72,100,16.11
47,Avera,US,2022-05-07 20:28:25,33.194,-82.5271,71.55,43,76,17.22
48,Vostok,RU,2022-05-07 20:26:45,46.4856,135.8833,31.32,97,100,3.24
49,Makakilo City,US,2022-05-07 20:28:35,21.3469,-158.0858,80.92,61,20,16.11
50,Reconquista,AR,2022-05-07 20:28:36,-29.15,-59.65,72.75,59,100,6.82
51,Ponta Do Sol,PT,2022-05-07 20:23:45,32.6667,-17.1,65.12,70,34,7.4
52,Yanam,IN,2022-05-07 20:28:36,16.7333,82.2167,80.19,92,66,4.0
53,Rikitea,PF,2022-05-07 20:23:37,-23.1203,-134.9692,77.36,83,70,12.5
54,Upernavik,GL,2022-05-07 20:28:37,72.7868,-56.1549,18.27,78,9,6.96
55,Ribeira Grande,PT,2022-05-07 20:26:50,38.5167,-28.7,63.0,63,20,6.91
56,Chuy,UY,2022-05-07 20:28:37,-33.6971,-53.4616,66.29,69,51,3.69
57,Ilulissat,GL,2022-05-07 20:28:38,69.2167,-51.1,28.42,54,0,5.75
58,Bonavista,CA,2022-05-07 20:28:39,48.6499,-53.1147,37.53,66,81,20.36
59,East London,ZA,2022-05-07 20:28:39,-33.0153,27.9116,64.67,87,100,18.19
60,Tezu,IN,2022-05-07 20:28:40,27.9167,96.1667,72.54,78,48,4.61
61,Atar,MR,2022-05-07 20:28:40,20.5169,-13.0499,95.23,10,6,9.71
62,Hermanus,ZA,2022-05-07 20:28:41,-34.4187,19.2345,55.8,79,38,4.16
63,Havelock,US,2022-05-07 20:28:41,34.8791,-76.9013,78.94,72,75,11.5
64,Ushuaia,AR,2022-05-07 20:25:37,-54.8,-68.3,49.66,53,20,21.85
65,Qaanaaq,GL,2022-05-07 20:28:42,77.484,-69.3632,19.76,79,100,1.05
66,Cidreira,BR,2022-05-07 20:28:42,-30.1811,-50.2056,65.25,69,0,6.02
67,Evensk,RU,2022-05-07 20:28:43,61.95,159.2333,31.26,98,100,15.08
68,Kapaa,US,2022-05-07 20:23:58,22.0752,-159.319,80.58,83,100,19.57
69,Port Lincoln,AU,2022-05-07 20:28:43,-34.7333,135.8667,55.49,79,1,2.42
70,Bethel,US,2022-05-07 20:28:44,41.3712,-73.414,52.65,62,100,16.11
71,Gardez,AF,2022-05-07 20:28:44,33.5974,69.2259,61.81,35,0,4.43
72,Brae,GB,2022-05-07 20:28:45,60.3964,-1.353,44.19,66,87,6.38
73,Yarada,IN,2022-05-07 20:28:45,17.65,83.2667,80.92,78,40,2.3
74,Cochrane,CA,2022-05-07 20:28:46,51.1834,-114.4687,58.6,26,100,8.05
75,Iqaluit,CA,2022-05-07 20:28:46,63.7506,-68.5145,29.93,46,75,12.66
76,Jalu,LY,2022-05-07 20:28:47,29.0331,21.5482,78.13,30,98,13.76
77,Port Blair,IN,2022-05-07 20:28:47,11.6667,92.75,82.44,78,75,8.05
78,Sao Jose Da Coroa Grande,BR,2022-05-07 20:28:48,-8.8978,-35.1478,78.19,81,73,5.88
79,Bluff,NZ,2022-05-07 20:28:48,-46.6,168.3333,57.79,98,100,5.21
80,Rio Grande,BR,2022-05-07 20:28:49,-32.035,-52.0986,69.91,67,0,6.26
81,Jamestown,US,2022-05-07 20:28:49,42.097,-79.2353,66.52,41,0,8.05
82,Vao,NC,2022-05-07 20:28:49,-22.6667,167.4833,73.74,63,71,19.46
83,Smithfield,US,2022-05-07 20:26:22,41.922,-71.5495,52.65,55,0,14.97
84,Inuvik,CA,2022-05-07 20:28:50,68.3499,-133.7218,41.86,52,20,8.05
85,Longyearbyen,SJ,2022-05-07 20:28:51,78.2186,15.6401,12.04,57,40,14.97
86,Zhicheng,CN,2022-05-07 20:28:51,30.2956,111.5047,66.11,79,24,4.05
87,Cape Town,ZA,2022-05-07 20:28:52,-33.9258,18.4232,57.9,80,6,14.0
88,Rogers,US,2022-05-07 20:26:11,36.3668,-95.5836,81.7,48,0,8.05
89,Sioux Lookout,CA,2022-05-07 20:28:52,50.1001,-91.917,68.07,28,75,13.8
90,Tabou,CI,2022-05-07 20:28:53,4.423,-7.3528,81.75,80,100,8.72
91,Perigueux,FR,2022-05-07 20:28:53,45.1833,0.7167,61.09,60,4,6.62
92,Xuddur,SO,2022-05-07 20:28:54,4.1213,43.8894,78.78,68,66,14.47
93,Isla Mujeres,MX,2022-05-07 20:28:54,21.2311,-86.731,87.85,68,3,12.93
94,Kieta,PG,2022-05-07 20:28:54,-6.2167,155.6333,78.78,84,71,0.94
95,The Valley,AI,2022-05-07 20:29:05,18.217,-63.0578,82.54,69,40,16.11
96,Nelson Bay,AU,2022-05-07 20:29:05,-32.7167,152.15,51.01,83,7,1.99
97,Sao Geraldo Do Araguaia,BR,2022-05-07 20:29:06,-6.4006,-48.555,81.19,83,94,1.45
98,Bengkulu,ID,2022-05-07 20:29:06,-3.8004,102.2655,76.73,84,100,0.83
99,Arlit,NE,2022-05-07 20:29:07,18.7369,7.3853,95.52,12,100,8.12
100,Lavrentiya,RU,2022-05-07 20:24:24,65.5833,-171.0,28.85,91,60,6.69
101,Port Hueneme,US,2022-05-07 20:29:08,34.1478,-119.1951,84.06,68,0,11.5
102,Ossora,RU,2022-05-07 20:29:08,59.2353,163.0719,36.28,68,91,27.56
103,Itarema,BR,2022-05-07 20:25:59,-2.9248,-39.9167,80.56,85,98,9.19
104,Arkansas City,US,2022-05-07 20:29:09,37.062,-97.0384,80.22,47,0,19.57
105,Naryan-Mar,RU,2022-05-07 20:29:09,67.6713,53.087,37.11,100,100,13.35
106,Dikson,RU,2022-05-07 20:26:56,73.5069,80.5464,7.03,96,100,8.68
107,Lompoc,US,2022-05-07 20:24:38,34.6391,-120.4579,76.69,63,0,26.46
108,Batemans Bay,AU,2022-05-07 20:29:10,-35.7167,150.1833,50.09,76,0,6.96
109,Lerwick,GB,2022-05-07 20:29:11,60.1545,-1.1494,46.4,67,79,7.61
110,Bredasdorp,ZA,2022-05-07 20:29:11,-34.5322,20.0403,54.93,89,40,1.74
111,Gazli,UZ,2022-05-07 20:29:12,40.1333,63.45,84.97,21,4,10.78
112,Klaksvik,FO,2022-05-07 20:26:49,62.2266,-6.589,45.52,72,100,5.73
113,Ust-Nera,RU,2022-05-07 20:29:12,64.5667,143.2,24.71,94,100,2.95
114,Tokonou,GN,2022-05-07 20:29:13,9.65,-9.7833,75.11,78,87,4.63
115,Asau,RO,2022-05-07 20:28:20,46.4333,26.4,51.28,69,95,1.34
116,Mount Gambier,AU,2022-05-07 20:29:14,-37.8333,140.7667,49.91,81,100,4.61
117,Vaini,TO,2022-05-07 20:29:14,-21.2,-175.2,75.36,88,75,10.36
118,Gainesville,US,2022-05-07 20:28:54,29.6516,-82.3248,86.83,40,0,19.57
119,Yarmouth,US,2022-05-07 20:29:15,41.7057,-70.2286,50.14,77,0,28.99
120,Hami,CN,2022-05-07 20:29:15,42.8,93.45,71.49,30,12,7.63
121,Awjilah,LY,2022-05-07 20:29:16,29.1081,21.2869,76.46,33,100,17.36
122,Saint-Philippe,RE,2022-05-07 20:29:16,-21.3585,55.7679,72.99,84,27,10.98
123,Grand Gaube,MU,2022-05-07 20:29:17,-20.0064,57.6608,77.38,72,9,8.99
124,Tombouctou,ML,2022-05-07 20:29:17,20.0,-3.0,90.28,10,0,11.34
125,Paamiut,GL,2022-05-07 20:25:32,61.994,-49.6678,34.18,87,57,13.67
126,Avarua,CK,2022-05-07 20:28:11,-21.2078,-159.775,82.45,78,40,8.05
127,Codrington,AU,2022-05-07 20:26:40,-38.2667,141.9667,53.38,83,73,8.59
128,Labuhan,ID,2022-05-07 20:29:18,-6.8844,112.2051,78.94,87,63,5.44
129,Marawi,PH,2022-05-07 20:29:19,7.9986,124.2928,69.94,90,90,1.95
130,Souillac,MU,2022-05-07 20:28:44,-20.5167,57.5167,75.58,83,40,8.05
131,Saint-Pierre,RE,2022-05-07 20:29:19,-21.3393,55.4781,73.08,73,0,6.91
132,Puerto Ayora,EC,2022-05-07 20:29:20,-0.7393,-90.3518,78.76,79,40,9.91
133,Komsomolskiy,UZ,2022-05-07 20:29:20,40.4272,71.7189,68.72,52,0,6.91
134,Mar Del Plata,AR,2022-05-07 20:29:21,-38.0023,-57.5575,71.62,65,0,20.71
135,Port Alfred,ZA,2022-05-07 20:29:21,-33.5906,26.891,64.18,80,100,4.0
136,Mackenzie,CA,2022-05-07 20:25:08,55.2999,-123.1698,43.02,75,75,4.61
137,Lagoa,PT,2022-05-07 20:29:22,39.05,-27.9833,60.94,68,39,5.12
138,Sitka,US,2022-05-07 20:29:22,57.0531,-135.33,48.09,66,40,10.36
139,Arbazh,RU,2022-05-07 20:29:23,57.6804,48.3065,45.45,68,11,8.5
140,Sibolga,ID,2022-05-07 20:29:23,1.7427,98.7792,75.85,90,100,1.52
141,Tadine,NC,2022-05-07 20:29:24,-21.55,167.8833,73.89,65,90,15.01
142,Yatou,CN,2022-05-07 20:29:34,37.15,122.3833,54.05,40,100,10.11
143,Sobolevo,RU,2022-05-07 20:29:35,54.4299,31.8996,49.84,84,99,10.67
144,Gannan,CN,2022-05-07 20:29:35,47.9147,123.5031,43.77,64,0,1.23
145,Novikovo,RU,2022-05-07 20:29:36,51.1537,37.8879,47.43,64,88,4.79
146,Lufilufi,WS,2022-05-07 20:29:36,-13.8745,-171.5986,82.18,77,14,10.71
147,Sri Aman,MY,2022-05-07 20:29:37,1.2376,111.4621,77.05,94,100,1.14
148,Amapa,BR,2022-05-07 20:27:22,1.0,-52.0,75.24,98,100,3.4
149,Santiago Del Estero,AR,2022-05-07 20:29:37,-27.7951,-64.2615,80.02,38,96,10.96
150,Sao Filipe,CV,2022-05-07 20:25:18,14.8961,-24.4956,73.71,79,44,16.89
151,Arraial Do Cabo,BR,2022-05-07 20:29:38,-22.9661,-42.0278,75.16,83,40,9.22
152,Esperance,AU,2022-05-07 20:29:39,-33.8667,121.9,51.64,48,100,18.05
153,Kaitangata,NZ,2022-05-07 20:29:39,-46.2817,169.8464,54.19,92,100,1.1
154,Haines Junction,CA,2022-05-07 20:29:40,60.7522,-137.5108,35.55,93,100,3.44
155,Ellisras,ZA,2022-05-07 20:29:40,-23.6649,27.7443,68.54,28,83,4.83
156,Port Hardy,CA,2022-05-07 20:29:41,50.6996,-127.4199,48.38,66,75,2.3
157,Slave Lake,CA,2022-05-07 20:25:45,55.2834,-114.769,39.18,87,100,17.27
158,Fairbanks,US,2022-05-07 20:29:41,64.8378,-147.7164,50.31,81,0,1.01
159,Arman,RU,2022-05-07 20:29:42,59.7,150.1667,34.02,98,99,2.62
160,Constitucion,CL,2022-05-07 20:29:42,-35.3333,-72.4167,60.76,65,3,13.09
161,Biberach,DE,2022-05-07 20:29:43,48.0934,9.7905,54.09,89,83,6.2
162,Kupang,ID,2022-05-07 20:29:43,-10.1667,123.5833,78.89,84,31,13.76
163,Tasiilaq,GL,2022-05-07 20:29:44,65.6145,-37.6368,32.16,70,97,5.95
164,Esmeraldas,BR,2022-05-07 20:29:44,-19.7625,-44.3139,78.91,66,1,4.32
165,Moranbah,AU,2022-05-07 20:29:45,-22.0016,148.0466,61.09,76,100,16.24
166,Luderitz,NA,2022-05-07 20:29:46,-26.6481,15.1594,57.18,72,0,21.63
167,Kudahuvadhoo,MV,2022-05-07 20:26:42,2.6708,72.8944,83.89,78,100,12.97
168,Balkhash,KZ,2022-05-07 20:29:46,46.844,74.9804,54.01,56,38,28.27
169,Camocim,BR,2022-05-07 20:29:47,-2.9022,-40.8411,81.19,86,31,8.16
170,Port Hedland,AU,2022-05-07 20:29:47,-20.3167,118.5667,69.85,52,28,9.22
171,Gulu,UG,2022-05-07 20:29:48,2.7746,32.299,67.93,82,96,2.62
172,Talcahuano,CL,2022-05-07 20:27:25,-36.7167,-73.1167,58.68,77,0,11.5
173,Jimo,CN,2022-05-07 20:29:48,36.3897,120.4622,56.98,47,0,4.47
174,Flin Flon,CA,2022-05-07 20:29:49,54.7682,-101.865,62.44,45,100,5.75
175,Cockburn Town,TC,2022-05-07 20:29:12,21.4612,-71.1419,79.29,76,67,6.93
176,Sembakung,ID,2022-05-07 20:29:49,3.8167,117.25,74.12,99,100,2.24
177,Faanui,PF,2022-05-07 20:29:50,-16.4833,-151.75,81.37,76,0,7.47
178,San Vicente,AR,2022-05-07 20:29:50,-26.6167,-54.1333,67.86,59,81,1.61
179,Roebourne,AU,2022-05-07 20:29:51,-20.7833,117.1333,75.49,64,32,8.97
180,Hambantota,LK,2022-05-07 20:29:51,6.1241,81.1185,80.78,83,100,12.46
181,Bubaque,GW,2022-05-07 20:29:52,11.2833,-15.8333,77.4,76,4,16.28
182,Barcelos,PT,2022-05-07 20:29:52,41.5388,-8.6151,70.92,68,96,2.24
183,Salalah,OM,2022-05-07 20:28:07,17.0151,54.0924,84.29,79,20,5.75
184,Kavieng,PG,2022-05-07 20:30:03,-2.5744,150.7967,82.74,75,66,16.91
185,Kiama,AU,2022-05-07 20:30:05,-34.6833,150.8667,56.37,65,0,8.01
186,Mianyang,CN,2022-05-07 20:30:05,31.4593,104.7542,71.38,80,94,5.88
187,Auki,SB,2022-05-07 20:30:06,-8.7676,160.7034,80.08,84,100,5.12
188,Tacoronte,ES,2022-05-07 20:30:07,28.4769,-16.4102,64.26,84,20,10.36
189,Ornskoldsvik,SE,2022-05-07 20:30:07,63.2909,18.7153,40.15,56,5,16.11
190,Cabo San Lucas,MX,2022-05-07 20:30:08,22.8909,-109.9124,88.9,25,0,11.5
191,Puerto Madryn,AR,2022-05-07 20:30:08,-42.7692,-65.0385,74.52,34,11,9.28
192,Tokur,RU,2022-05-07 20:30:09,53.1333,132.9,24.87,87,16,1.48
193,Quatre Cocos,MU,2022-05-07 20:30:10,-20.2078,57.7625,77.09,79,30,14.58
194,Mount Isa,AU,2022-05-07 20:30:10,-20.7333,139.5,58.77,47,0,6.91
195,Diego De Almagro,CL,2022-05-07 20:30:11,-26.3667,-70.05,64.27,46,96,8.81
196,Sheksna,RU,2022-05-07 20:30:12,59.21,38.5107,55.36,80,66,12.73
197,Kadyy,RU,2022-05-07 20:30:12,57.787,43.1903,45.68,73,21,7.07
198,Monrovia,LR,2022-05-07 20:27:24,6.3005,-10.7969,80.2,85,99,7.54
199,Santa Marta,CO,2022-05-07 20:30:13,11.2408,-74.199,93.25,59,40,8.05
200,Saldanha,ZA,2022-05-07 20:30:13,-33.0117,17.9442,53.65,74,0,18.01
201,Mahebourg,MU,2022-05-07 20:30:14,-20.4081,57.7,77.25,83,40,8.05
202,Brigham City,US,2022-05-07 20:28:16,41.5102,-112.0155,63.01,32,40,10.0
203,Capao Da Canoa,BR,2022-05-07 20:30:15,-29.7456,-50.0097,63.75,71,0,6.35
204,Wanning,CN,2022-05-07 20:30:15,18.8003,110.3967,76.64,88,100,4.18
205,Broken Hill,AU,2022-05-07 20:30:15,-31.95,141.4333,44.31,87,0,3.44
206,Mizdah,LY,2022-05-07 20:30:16,31.4451,12.9801,62.08,51,47,4.81
207,Uyuni,BO,2022-05-07 20:30:17,-20.4597,-66.825,58.06,22,52,12.15
208,Praia,CV,2022-05-07 20:30:17,14.9215,-23.5087,73.94,68,75,24.16
209,Caravelas,BR,2022-05-07 20:30:18,-17.7125,-39.2481,74.01,90,92,11.61
210,Victoria,HK,2022-05-07 20:30:18,22.2855,114.1577,76.32,75,100,4.0
211,Mariakani,KE,2022-05-07 20:30:19,-3.8633,39.4736,74.35,89,39,9.69
212,Pontes E Lacerda,BR,2022-05-07 20:30:19,-15.2261,-59.3353,76.48,59,0,3.89
213,Bowen,AU,2022-05-07 20:30:20,-20.0167,148.2333,75.27,87,100,12.91
214,Laval,CA,2022-05-07 20:25:27,45.57,-73.692,60.12,31,20,20.71
215,Aklavik,CA,2022-05-07 20:30:20,68.2191,-135.0107,41.0,60,0,10.36
216,Lasa,IT,2022-05-07 20:30:21,46.6166,10.7002,54.48,95,100,2.98
217,Xining,CN,2022-05-07 20:30:21,36.6167,101.7667,51.8,59,100,6.93
218,Poronaysk,RU,2022-05-07 20:30:22,49.2167,143.1167,32.5,99,100,20.04
219,Kodiak,US,2022-05-07 20:30:22,57.79,-152.4072,54.91,41,0,12.66
220,Tuktoyaktuk,CA,2022-05-07 20:30:23,69.4541,-133.0374,33.8,80,75,14.97
221,Kamra,PK,2022-05-07 20:30:23,33.7473,73.5111,72.95,34,0,10.33
222,Lubango,AO,2022-05-07 20:30:24,-14.9172,13.4925,59.83,43,3,3.83
223,Homer,US,2022-05-07 20:30:25,59.6425,-151.5483,53.76,56,0,5.75
224,Georgetown,MY,2022-05-07 20:29:18,5.4112,100.3354,85.95,92,20,8.05
225,Angoche,MZ,2022-05-07 20:26:29,-16.2325,39.9086,73.81,81,25,5.48
226,Northam,GB,2022-05-07 20:30:35,51.0333,-4.2167,55.38,85,100,2.06
227,Lom Sak,TH,2022-05-07 20:30:36,16.7798,101.2422,77.23,88,100,2.59
228,Basoko,CD,2022-05-07 20:30:36,1.2391,23.616,76.21,74,100,0.6
229,Cheney,US,2022-05-07 20:26:29,47.4874,-117.5758,53.92,75,75,23.02
230,Rundu,NA,2022-05-07 20:30:37,-17.9333,19.7667,68.58,33,71,2.13
231,Roma,US,2022-05-07 20:30:37,43.2128,-75.4557,62.74,26,0,10.36
232,Caceres,ES,2022-05-07 20:30:38,39.522,-6.3748,64.71,33,86,2.55
233,Vidim,RU,2022-05-07 20:30:39,56.4088,103.1106,41.86,58,100,9.75
234,Provideniya,RU,2022-05-07 20:30:39,64.3833,-173.3,32.99,88,100,7.07
235,Tilichiki,RU,2022-05-07 20:30:40,60.4667,166.1,31.53,99,100,6.31
236,Port Macquarie,AU,2022-05-07 20:30:40,-31.4333,152.9167,48.88,65,85,6.85
237,Meulaboh,ID,2022-05-07 20:30:41,4.1363,96.1285,76.71,90,100,4.7
238,Pelym,RU,2022-05-07 20:30:41,61.0108,61.9978,39.47,94,89,5.79
239,Atambua,ID,2022-05-07 20:30:42,-9.1061,124.8925,73.54,89,36,7.09
240,Kisangani,CD,2022-05-07 20:30:42,0.5167,25.2,71.76,81,100,2.75
241,Malakal,SS,2022-05-07 20:30:42,9.5334,31.6605,86.88,49,73,4.97
242,Dongkan,CN,2022-05-07 20:30:43,33.9997,119.8308,50.61,61,8,6.67
243,Saskylakh,RU,2022-05-07 20:30:44,71.9167,114.0833,2.55,96,19,7.56
244,Alofi,NU,2022-05-07 20:29:29,-19.0595,-169.9187,76.89,94,75,10.36
245,Stornoway,GB,2022-05-07 20:30:46,58.2093,-6.3865,49.96,75,100,1.14
246,Nyurba,RU,2022-05-07 20:30:46,63.2842,118.3319,37.27,81,100,8.28
247,Haimen,CN,2022-05-07 20:30:47,23.1935,116.6142,71.49,86,100,4.97
248,Fort Nelson,CA,2022-05-07 20:30:47,58.8053,-122.7002,40.59,70,100,14.97
249,Mugumu,TZ,2022-05-07 20:30:48,-1.85,34.7,60.39,94,95,2.59
250,Hithadhoo,MV,2022-05-07 20:30:48,-0.6,73.0833,83.61,77,12,15.84
251,Omboue,GA,2022-05-07 20:30:49,-1.5746,9.2618,75.92,90,97,2.86
252,Lichinga,MZ,2022-05-07 20:29:21,-13.3128,35.2406,62.69,82,0,5.75
253,Bam,IR,2022-05-07 20:30:49,29.106,58.357,79.18,26,26,10.87
254,Marfino,RU,2022-05-07 20:30:50,55.7028,37.3822,57.34,35,0,8.95
255,Norman Wells,CA,2022-05-07 20:30:50,65.282,-126.8329,42.84,61,100,5.75
256,Beringovskiy,RU,2022-05-07 20:30:51,63.05,179.3167,33.44,85,99,7.99
257,New Norfolk,AU,2022-05-07 20:30:51,-42.7826,147.0587,51.3,71,93,2.93
258,Lorengau,PG,2022-05-07 20:30:52,-2.0226,147.2712,82.47,82,61,13.51
259,Guerrero Negro,MX,2022-05-07 20:30:52,27.9769,-114.0611,69.75,60,10,16.67
260,Tyrma,RU,2022-05-07 20:30:53,50.0833,132.1667,34.43,75,7,2.33
261,Bathsheba,BB,2022-05-07 20:30:53,13.2167,-59.5167,83.01,74,40,10.36
262,Katsuura,JP,2022-05-07 20:30:54,35.1333,140.3,63.28,92,43,6.04
263,Alta Gracia,AR,2022-05-07 20:30:54,-31.6529,-64.4283,75.97,43,92,10.2
264,Ayan,RU,2022-05-07 20:30:55,56.45,138.1667,35.76,77,4,9.13
265,Maldonado,UY,2022-05-07 20:30:55,-34.6667,-54.9167,70.99,81,98,1.05
266,Pacaembu,BR,2022-05-07 20:30:56,-21.5622,-51.2606,67.24,58,23,9.4
267,Iracoubo,GF,2022-05-07 20:30:56,5.4802,-53.2011,78.55,86,91,9.46
268,Berlevag,NO,2022-05-07 20:25:57,70.8578,29.0864,37.2,89,92,32.7
269,El Alto,PE,2022-05-07 20:30:57,-4.2714,-81.2147,76.66,75,39,15.26
270,Dunedin,NZ,2022-05-07 20:29:53,-45.8742,170.5036,61.81,57,100,3.94
271,Portland,US,2022-05-07 20:29:16,45.5234,-122.6762,54.95,78,100,9.22
272,Mumford,GH,2022-05-07 20:31:09,5.2618,-0.759,81.93,79,85,8.34
273,Shush,IR,2022-05-07 20:31:09,32.1942,48.2436,76.59,21,59,12.86
274,Margate,GB,2022-05-07 20:31:10,51.3813,1.3862,52.11,91,5,5.01
275,San Policarpo,PH,2022-05-07 20:31:10,12.1791,125.5072,81.07,82,57,12.91
276,General Roca,AR,2022-05-07 20:31:11,-39.0333,-67.5833,78.62,18,16,7.09
277,Xichang,CN,2022-05-07 20:31:11,27.8964,102.2634,61.81,81,96,2.37
278,Tazmalt,DZ,2022-05-07 20:31:12,36.3868,4.3989,53.47,80,54,3.76
279,Beloha,MG,2022-05-07 20:31:12,-25.1667,45.05,69.62,85,39,2.21
280,Dingzhou,CN,2022-05-07 20:31:13,38.5131,114.9956,50.11,85,100,7.25
281,Miyako,JP,2022-05-07 20:31:13,39.6367,141.9525,49.77,82,94,5.68
282,North Myrtle Beach,US,2022-05-07 20:31:14,33.816,-78.68,79.11,43,20,9.22
283,Tigil,RU,2022-05-07 20:31:14,57.8,158.6667,33.44,80,100,23.35
284,Whitehorse,CA,2022-05-07 20:31:15,60.7161,-135.0538,40.1,77,75,6.91
285,Kruisfontein,ZA,2022-05-07 20:29:15,-34.0033,24.7314,55.89,81,100,6.26
286,Geraldton,AU,2022-05-07 20:29:15,-28.7667,114.6,55.81,82,8,6.91
287,Namibe,AO,2022-05-07 20:31:16,-15.1961,12.1522,73.06,69,1,1.79
288,Cayenne,GF,2022-05-07 20:31:16,4.9333,-52.3333,82.44,1,75,8.05
289,Hauterive,FR,2022-05-07 20:31:17,46.0901,3.4459,61.56,96,91,2.66
290,La Ciotat,FR,2022-05-07 20:31:17,43.1748,5.6045,62.49,81,100,7.16
291,Mayo,US,2022-05-07 20:31:18,38.8876,-76.5119,52.21,93,100,11.5
292,Richards Bay,ZA,2022-05-07 20:26:47,-28.783,32.0377,67.8,91,15,3.58
293,Hofn,IS,2022-05-07 20:31:18,64.2539,-15.2082,44.02,78,13,9.17
294,Lianzhou,CN,2022-05-07 20:31:19,24.7811,112.3825,71.13,98,100,1.59
295,Saratovskaya,RU,2022-05-07 20:31:19,44.7103,39.2244,50.79,83,98,6.31
296,Sibu,MY,2022-05-07 20:31:20,2.3,111.8167,77.31,100,40,2.3
297,Waingapu,ID,2022-05-07 20:31:21,-9.6567,120.2641,79.18,86,21,10.36
298,Sabha,LY,2022-05-07 20:31:21,27.0377,14.4283,77.88,21,0,7.38
299,Payo,ID,2022-05-07 20:31:22,-3.7508,103.6372,73.67,99,100,2.39
300,Yar-Sale,RU,2022-05-07 20:28:29,66.8333,70.8333,15.17,94,9,8.66
301,Taoudenni,ML,2022-05-07 20:31:22,22.6783,-3.9836,89.76,10,0,10.65
302,Saint-Francois,FR,2022-05-07 20:31:23,46.4154,3.9054,56.64,72,0,5.75
303,Chlorakas,CY,2022-05-07 20:31:23,34.8042,32.4083,59.88,48,0,5.75
304,Placerville,US,2022-05-07 20:30:05,38.7296,-120.7986,66.96,50,0,5.75
305,Snyder,US,2022-05-07 20:31:24,32.7179,-100.9176,106.09,3,0,11.5
306,Saint Anthony,US,2022-05-07 20:31:17,45.0205,-93.218,74.91,28,0,24.16
307,Oksfjord,NO,2022-05-07 20:31:25,70.2396,22.3479,36.0,99,100,37.56
308,Taltal,CL,2022-05-07 20:31:25,-25.4,-70.4833,60.53,82,58,2.8
309,Miri,MY,2022-05-07 20:31:19,4.4148,114.0089,77.14,100,40,2.3
310,Tucuma,BR,2022-05-07 20:31:26,-0.1833,-50.05,79.41,84,99,6.58
311,Fortuna,US,2022-05-07 20:31:36,40.5982,-124.1573,55.98,88,75,13.8
312,Necochea,AR,2022-05-07 20:31:36,-38.5473,-58.7368,66.74,58,46,12.35
313,Roding,DE,2022-05-07 20:31:37,49.1964,12.5186,57.02,91,81,2.95
314,Aljezur,PT,2022-05-07 20:31:37,37.3191,-8.8033,59.74,80,16,6.44
315,Forbesganj,IN,2022-05-07 20:31:38,26.3,87.25,81.57,60,20,6.38
316,Kachug,RU,2022-05-07 20:31:38,53.9606,105.8817,45.36,64,41,4.25
317,Irbit,RU,2022-05-07 20:31:39,57.6705,63.071,43.21,81,25,8.34
318,Rabo De Peixe,PT,2022-05-07 20:31:39,37.8,-25.5833,63.91,88,20,4.61
319,Soavinandriana,MG,2022-05-07 20:31:39,-19.1667,46.7333,61.14,85,100,4.18
320,Tornio,FI,2022-05-07 20:31:40,65.8481,24.1466,39.22,76,20,7.02
321,Vanimo,PG,2022-05-07 20:31:41,-2.6741,141.3028,78.6,89,94,5.86
322,Talnakh,RU,2022-05-07 20:31:41,69.4865,88.3972,7.34,82,4,12.91
323,Davidson,US,2022-05-07 20:31:42,36.1501,-86.7833,60.37,80,100,8.05
324,Novochernorechenskiy,RU,2022-05-07 20:31:42,56.2669,91.0828,29.48,62,63,13.56
325,Aksarka,RU,2022-05-07 20:28:28,66.5606,67.7975,19.6,96,65,7.49
326,Sao Joao Da Barra,BR,2022-05-07 20:27:00,-21.6403,-41.0511,77.09,75,1,15.82
327,Brownsville,US,2022-05-07 20:29:47,25.9018,-97.4975,95.09,62,20,20.71
328,Pinawa,CA,2022-05-07 20:31:43,50.1489,-95.8811,73.38,40,96,14.18
329,Olinda,BR,2022-05-07 20:31:43,-8.0089,-34.8553,78.53,89,75,4.61
330,Znamenskoye,RU,2022-05-07 20:31:44,57.1281,73.8282,35.69,54,71,4.99
331,Coahuayana,MX,2022-05-07 20:31:44,18.7333,-103.6833,87.48,49,78,8.39
332,Camacupa,AO,2022-05-07 20:31:45,-12.0167,17.4833,62.96,74,52,2.71
333,Kutum,SD,2022-05-07 20:31:45,14.2,24.6667,79.11,9,23,10.2
334,Insar,RU,2022-05-07 20:31:46,53.8653,44.3738,43.27,65,11,7.83
335,Unai,BR,2022-05-07 20:31:46,-16.3575,-46.9061,77.95,59,81,2.84
336,Sindor,RU,2022-05-07 20:31:47,62.8629,51.8905,44.33,84,75,7.07
337,Hasaki,JP,2022-05-07 20:31:47,35.7333,140.8333,61.2,67,63,22.86
338,Goderich,CA,2022-05-07 20:31:48,43.7501,-81.7165,53.92,58,8,14.97
339,Mayumba,GA,2022-05-07 20:29:38,-3.432,10.6554,77.31,88,80,2.24
340,Jacqueville,CI,2022-05-07 20:31:48,5.2052,-4.4146,82.74,79,82,10.18
341,Belaya Gora,RU,2022-05-07 20:31:49,68.5333,146.4167,19.11,88,100,11.23
342,Bud,US,2022-05-07 20:31:49,39.447,-86.1758,69.21,51,77,13.51
343,Carnarvon,AU,2022-05-07 20:31:50,-24.8667,113.6333,64.47,82,85,5.75
344,Luanda,AO,2022-05-07 20:31:00,-8.8368,13.2343,78.8,89,40,4.61
345,Gisborne,NZ,2022-05-07 20:31:50,-38.6533,178.0042,55.4,74,30,5.53
346,Monteagudo,BO,2022-05-07 20:31:51,-19.8167,-63.9833,71.33,47,8,5.35
347,Piacabucu,BR,2022-05-07 20:31:51,-10.4056,-36.4344,77.27,78,36,6.71
348,Singkang,MY,2022-05-07 20:31:52,2.1006,102.7994,76.71,94,100,1.81
349,Kapoeta,SS,2022-05-07 20:31:52,4.7717,33.5903,80.91,52,51,4.81
350,Chara,RU,2022-05-07 20:31:53,56.9064,118.2631,38.14,47,91,0.54
351,Bakchar,RU,2022-05-07 20:31:53,57.0186,82.0711,28.67,60,100,8.66
352,Izumo,JP,2022-05-07 20:31:53,35.3667,132.7667,55.35,69,82,10.16
353,Grindavik,IS,2022-05-07 20:29:16,63.8424,-22.4338,46.35,81,75,27.63
354,San Quintin,MX,2022-05-07 20:31:54,30.4833,-115.95,65.95,69,8,14.83
355,Husavik,IS,2022-05-07 20:31:55,66.0449,-17.3389,40.28,73,100,2.86
356,Qaqortoq,GL,2022-05-07 20:31:56,60.7167,-46.0333,44.04,61,100,6.58
357,Tondano,ID,2022-05-07 20:32:07,1.3038,124.9112,69.89,93,59,0.27
358,Chimbote,PE,2022-05-07 20:32:07,-9.0853,-78.5783,68.63,80,19,12.3
359,Trzcianka,PL,2022-05-07 20:32:08,53.0406,16.4563,51.98,92,99,5.28
360,Saint-Raymond,CA,2022-05-07 20:27:20,45.467,-73.6095,60.24,30,20,20.71
361,Ovre Ardal,NO,2022-05-07 20:32:08,61.3167,7.8,29.41,90,24,3.02
362,Deputatskiy,RU,2022-05-07 20:32:09,69.3,139.9,6.42,91,36,4.74
363,Amahai,ID,2022-05-07 20:27:39,-3.3333,128.9167,79.38,87,62,3.69
364,Datong,CN,2022-05-07 20:32:09,40.0936,113.2914,42.39,89,100,6.2
365,Key Largo,US,2022-05-07 20:32:10,25.0865,-80.4473,91.4,54,17,18.16
366,Verkhnevilyuysk,RU,2022-05-07 20:32:10,63.4453,120.3167,35.24,89,99,6.29
367,Tiksi,RU,2022-05-07 20:32:11,71.6872,128.8694,8.06,94,14,6.49
368,Aykhal,RU,2022-05-07 20:32:11,66.0,111.5,31.84,99,100,14.12
369,Khatanga,RU,2022-05-07 20:32:12,71.9667,102.5,-5.21,100,98,6.85
370,Zaton,RU,2022-05-07 20:32:12,53.2936,83.8072,36.99,35,0,11.18
371,Fuxin,CN,2022-05-07 20:32:13,42.0156,121.6589,54.07,16,100,3.42
372,Tari,NG,2022-05-07 20:32:13,12.4086,4.4914,96.67,29,98,7.25
373,Palu,ID,2022-05-07 20:32:15,-0.8917,119.8707,76.33,97,98,2.68
374,Kollam,IN,2022-05-07 20:32:15,8.8833,76.6,80.98,88,89,7.05
375,Tautira,PF,2022-05-07 20:28:58,-17.7333,-149.15,80.4,77,7,1.97
376,Axim,GH,2022-05-07 20:32:16,4.8699,-2.2405,81.28,81,89,6.49
377,Warrington,GB,2022-05-07 20:32:17,53.3925,-2.5802,58.32,75,40,5.75
378,Kismayo,SO,2022-05-07 20:27:31,-0.3582,42.5454,80.42,86,82,10.76
379,Tsabong,BW,2022-05-07 20:32:17,-26.0217,22.401,60.49,45,6,16.37
380,Holme,DK,2022-05-07 20:32:18,56.1138,10.1725,47.77,77,7,13.67
381,Severomuysk,RU,2022-05-07 20:32:18,56.1481,113.4267,29.41,65,100,5.26
382,Marzuq,YE,2022-05-07 20:32:19,14.4,46.4667,75.61,38,92,6.22
383,Dudinka,RU,2022-05-07 20:31:08,69.4058,86.1778,7.14,96,80,11.5
384,Huarmey,PE,2022-05-07 20:32:20,-10.0681,-78.1522,70.36,77,14,11.25
385,Baijiantan,CN,2022-05-07 20:32:20,45.6333,85.1833,72.09,43,100,7.94
386,Vestmannaeyjar,IS,2022-05-07 20:32:21,63.4427,-20.2734,44.2,89,100,25.72
387,Morada Nova,BR,2022-05-07 20:32:21,-5.1067,-38.3725,77.99,83,92,8.23
388,Port Moresby,PG,2022-05-07 20:28:50,-9.4431,147.1797,74.62,100,20,3.74
389,Yeniseysk,RU,2022-05-07 20:32:22,58.4497,92.1703,29.26,77,98,15.79
390,Yumen,CN,2022-05-07 20:32:22,40.2833,97.2,51.06,26,3,3.24
391,Emerald,AU,2022-05-07 20:30:12,-23.5333,148.1667,57.34,82,100,12.66
392,Dingle,PH,2022-05-07 20:32:23,10.9995,122.6711,77.81,88,11,8.32
393,Svetlaya,RU,2022-05-07 20:32:23,46.5389,138.3297,42.37,86,100,4.97
394,Hof,DE,2022-05-07 20:30:19,50.3167,11.9167,57.61,66,31,4.61
395,Gargzdai,LT,2022-05-07 20:32:24,55.7128,21.4033,47.98,95,51,5.41
396,Zarubino,RU,2022-05-07 20:32:25,42.63,131.0922,44.98,50,1,7.14
397,Brookhaven,US,2022-05-07 20:29:29,31.5791,-90.4407,86.25,39,0,7.11
398,Minas De Barroteran,MX,2022-05-07 20:31:26,27.6333,-101.2833,106.45,9,0,9.6
399,Ukiah,US,2022-05-07 20:30:20,39.1502,-123.2078,66.43,53,20,13.8
400,Kahului,US,2022-05-07 20:30:23,20.8947,-156.47,80.62,66,40,18.41
401,Aswan,EG,2022-05-07 20:32:36,24.0934,32.907,81.7,9,0,9.22
402,Tromso,NO,2022-05-07 20:32:36,69.6496,18.957,35.62,60,75,9.22
403,Natal,BR,2022-05-07 20:32:36,-5.795,-35.2094,79.02,89,75,8.05
404,Taganak,PH,2022-05-07 20:32:37,6.0833,118.3,78.94,77,97,2.37
405,Faya,SA,2022-05-07 20:32:37,18.3851,42.4509,64.92,42,86,3.13
406,Victor Harbor,AU,2022-05-07 20:29:26,-35.5667,138.6167,50.68,77,32,0.83
407,Luau,AO,2022-05-07 20:32:38,-10.7073,22.2247,68.92,65,21,3.58
408,Belle Fourche,US,2022-05-07 20:32:39,44.6714,-103.8522,77.05,25,84,25.95
409,Pangnirtung,CA,2022-05-07 20:32:39,66.1451,-65.7125,24.89,75,100,2.75
410,Martin,US,2022-05-07 20:31:57,27.0837,-80.4164,86.0,69,81,1.99
411,Vilyuysk,RU,2022-05-07 20:32:40,63.7553,121.6247,34.11,96,100,6.58
412,Ambon,ID,2022-05-07 20:29:39,-3.6954,128.1814,77.14,100,40,3.44
413,Albemarle,US,2022-05-07 20:28:31,35.3501,-80.2001,74.57,53,100,3.44
414,Wajir,KE,2022-05-07 20:32:40,1.7471,40.0573,79.41,67,63,13.47
415,Algeciras,ES,2022-05-07 20:32:41,36.1333,-5.4505,64.08,88,50,5.75
416,Moree,AU,2022-05-07 20:27:48,-29.4667,149.85,42.82,87,88,5.75
417,Douglas,US,2022-05-07 20:32:42,41.3,-96.167,75.6,47,0,21.85
418,Touros,BR,2022-05-07 20:32:42,-5.1989,-35.4608,76.37,87,100,10.85
419,Kalmunai,LK,2022-05-07 20:32:43,7.4167,81.8167,81.1,81,100,2.64
420,Pisco,PE,2022-05-07 20:32:43,-13.7,-76.2167,69.85,73,0,12.66
421,Bom Jesus Da Lapa,BR,2022-05-07 20:32:43,-13.255,-43.4181,84.63,37,47,9.89
422,Lonevag,NO,2022-05-07 20:32:44,60.5262,5.4937,41.56,70,30,3.0
423,Minsk,BY,2022-05-07 20:32:43,53.9,27.5667,47.95,81,64,5.79
424,Kloulklubed,PW,2022-05-07 20:32:45,7.0419,134.2556,77.5,79,100,17.49
425,Vitim,RU,2022-05-07 20:32:45,59.4511,112.5578,43.54,90,100,12.06
426,Gorontalo,ID,2022-05-07 20:32:46,0.5412,123.0595,75.7,96,96,2.33
427,Lynn Haven,US,2022-05-07 20:28:31,30.2455,-85.6483,82.51,58,0,10.36
428,Vyazemskiy,RU,2022-05-07 20:32:46,47.5378,134.7525,38.8,69,100,5.93
429,Sidi Ali,DZ,2022-05-07 20:32:47,36.0998,0.4206,61.77,61,5,5.99
430,Kholtoson,RU,2022-05-07 20:32:47,50.2981,103.3097,44.55,57,33,3.36
431,Adrar,MR,2022-05-07 20:32:48,20.5022,-10.0711,93.65,12,68,8.43
432,Lufkin,US,2022-05-07 20:32:48,31.3382,-94.7291,89.51,61,20,8.05
433,Nikko,JP,2022-05-07 20:32:49,36.75,139.6167,49.87,84,88,6.98
434,Goure,NE,2022-05-07 20:32:49,13.9835,10.2704,97.02,16,91,4.97
435,Lethem,GY,2022-05-07 20:32:50,3.3803,-59.7968,80.67,76,100,2.51
436,Saint George,US,2022-05-07 20:29:10,37.1041,-113.5841,90.79,15,0,21.85
437,Chernyshevsk,RU,2022-05-07 20:32:50,52.5243,117.0174,41.85,25,16,2.04
438,Pokosnoye,RU,2022-05-07 20:32:51,55.5258,101.0536,44.4,48,100,8.95
439,Poum,NC,2022-05-07 20:32:51,-20.2333,164.0167,76.87,71,55,18.32
440,Mataram,ID,2022-05-07 20:32:52,-8.5833,116.1167,79.09,87,9,4.68
441,Sampit,ID,2022-05-07 20:32:52,-2.5333,112.95,73.96,98,82,1.57
442,Bira,RU,2022-05-07 20:32:53,49.0,132.4667,37.26,70,7,3.56
443,Ishigaki,JP,2022-05-07 20:32:53,24.3448,124.1572,73.53,94,66,3.44
444,Ambilobe,MG,2022-05-07 20:32:54,-13.2,49.05,72.54,87,16,3.94
445,Hovd,MN,2022-05-07 20:30:48,48.0056,91.6419,58.93,32,98,11.1
446,Cherskiy,RU,2022-05-07 20:32:54,68.75,161.3,29.71,96,100,4.94
447,Bajil,YE,2022-05-07 20:32:55,15.0584,43.2851,87.08,58,100,4.05
448,North Bend,US,2022-05-07 20:32:55,43.4065,-124.2243,56.25,80,40,13.8
449,Eydhafushi,MV,2022-05-07 20:32:55,5.1033,73.0708,84.2,75,95,13.82
450,Tecoanapa,MX,2022-05-07 20:30:51,16.5167,-98.75,88.29,48,57,11.86
451,Jizan,SA,2022-05-07 20:33:06,17.3333,42.6667,86.94,56,52,2.98
452,Sawang Daen Din,TH,2022-05-07 20:33:07,17.4753,103.4575,73.18,99,100,8.63
453,Bonthe,SL,2022-05-07 20:33:07,7.5264,-12.505,80.47,85,69,8.25
454,Havoysund,NO,2022-05-07 20:33:08,70.9963,24.6622,35.83,98,100,26.98
455,Luis Correia,BR,2022-05-07 20:33:08,-2.8792,-41.6669,86.0,79,40,8.05
456,Virden,US,2022-05-07 20:29:28,39.5009,-89.7679,71.71,45,0,11.5
457,Kawalu,ID,2022-05-07 20:33:09,-7.3817,108.2082,72.12,96,73,2.55
458,Phan Thiet,VN,2022-05-07 20:32:32,10.9333,108.1,78.57,80,100,7.58
459,Salta,AR,2022-05-07 20:28:10,-24.7859,-65.4117,66.79,61,75,8.05
460,Ansbach,DE,2022-05-07 20:33:10,49.3,10.5833,58.62,77,0,6.91
461,Gambela,ET,2022-05-07 20:33:10,8.25,34.5833,76.95,73,86,3.04
462,Kizukuri,JP,2022-05-07 20:33:11,40.8061,140.3861,51.12,74,22,13.6
463,Pendleton,US,2022-05-07 20:33:11,45.6721,-118.7886,57.61,56,0,34.52
464,San Carlos De Bariloche,AR,2022-05-07 20:33:12,-41.1456,-71.3082,60.55,51,75,28.77
465,Xai-Xai,MZ,2022-05-07 20:30:57,-25.0519,33.6442,67.91,85,0,7.34
466,Poso,ID,2022-05-07 20:33:13,-1.3959,120.7524,78.6,88,100,4.14
467,Ankpa,NG,2022-05-07 20:33:13,7.3706,7.6253,78.51,79,100,5.35
468,Abay,KZ,2022-05-07 20:33:14,49.6311,72.8539,25.18,40,0,12.73
469,Ahipara,NZ,2022-05-07 20:28:22,-35.1667,173.1667,56.86,84,28,3.6
470,San Patricio,US,2022-05-07 20:29:22,28.017,-97.5169,99.32,38,0,14.88
471,Sexsmith,CA,2022-05-07 20:33:14,55.35,-118.786,42.15,65,100,29.93
472,Iztapa,GT,2022-05-07 20:33:15,13.9333,-90.7075,89.65,66,20,13.8
473,Birao,CF,2022-05-07 20:33:15,10.2849,22.7882,85.46,35,100,3.58
474,Mandalgovi,MN,2022-05-07 20:33:16,45.7625,106.2708,39.79,58,0,5.37
475,Luoyang,CN,2022-05-07 20:33:16,34.6836,112.4536,59.56,43,100,7.18
476,Yarkovo,RU,2022-05-07 20:33:17,57.4028,67.0786,43.54,78,29,8.52
477,Pangody,RU,2022-05-07 20:33:18,65.85,74.4859,6.71,96,10,6.93
478,Ipixuna,BR,2022-05-07 20:33:18,-1.7625,-48.8043,76.62,96,96,4.07
479,Opuwo,NA,2022-05-07 20:33:19,-18.0607,13.84,63.97,39,2,5.19
480,Tahe,CN,2022-05-07 20:33:19,52.3333,124.7333,34.92,45,0,2.28
481,Khandyga,RU,2022-05-07 20:33:20,62.6667,135.6,32.2,88,100,1.79
482,Bambous Virieux,MU,2022-05-07 20:33:20,-20.3428,57.7575,77.22,83,40,8.05
483,Hamilton,US,2022-05-07 20:29:04,39.1834,-84.5333,62.91,73,100,16.11
484,Panguna,PG,2022-05-07 20:33:21,-6.3164,155.4848,72.48,87,42,2.08
485,Zyryanka,RU,2022-05-07 20:33:21,65.75,150.85,29.93,90,100,10.38
486,Cedar Rapids,US,2022-05-07 20:31:10,42.0083,-91.6441,71.55,37,0,12.66
487,Lasem,ID,2022-05-07 20:33:22,-6.6922,111.4527,78.3,87,13,4.18
488,Kushima,JP,2022-05-07 20:33:22,31.4583,131.2333,64.44,90,85,4.21
489,Mahenge,TZ,2022-05-07 20:33:23,-8.6833,36.7167,65.28,76,73,2.8
490,Hatton,LK,2022-05-07 20:33:23,6.8916,80.5955,63.03,88,100,1.41
491,Upington,ZA,2022-05-07 20:33:24,-28.4478,21.2561,57.58,51,3,10.36
492,Gat,IL,2022-05-07 20:33:01,31.61,34.7642,63.39,72,51,4.47
493,Kemin,KG,2022-05-07 20:33:25,42.7846,75.6892,59.74,65,3,5.39
494,Aizpute,LV,2022-05-07 20:33:25,56.7167,21.6,45.63,97,96,4.45
495,Sainte-Rose,GP,2022-05-07 20:33:25,16.3324,-61.6979,77.04,94,75,8.05
496,Laguna,US,2022-05-07 20:33:26,38.421,-121.4238,75.29,37,0,8.05
497,Visnes,NO,2022-05-07 20:33:26,59.3556,5.2242,42.85,61,78,23.02
498,Thap Than,TH,2022-05-07 20:33:37,15.4606,99.8917,80.71,92,100,4.81
499,Kamenka,RU,2022-05-07 20:30:53,51.3223,42.7678,43.61,53,0,6.69
500,Santa Cruz,BO,2022-05-07 20:31:44,-17.8,-63.1667,81.86,41,0,6.91
501,Belmonte,BR,2022-05-07 20:33:38,-15.8631,-38.8828,77.63,77,100,7.99
502,Zhangye,CN,2022-05-07 20:33:38,38.9342,100.4517,57.31,34,100,10.47
503,College,US,2022-05-07 20:33:38,64.8569,-147.8028,50.29,81,75,1.01
504,Leningradskiy,RU,2022-05-07 20:33:39,69.3833,178.4167,24.93,87,63,2.66
505,La Ronge,CA,2022-05-07 20:33:39,55.1001,-105.2842,61.05,39,100,8.05
506,Akyab,MM,2022-05-07 20:33:40,20.15,92.9,82.51,75,72,5.97
507,Mossendjo,CG,2022-05-07 20:33:40,-2.9506,12.7261,69.93,98,99,1.48
508,Karratha,AU,2022-05-07 20:33:41,-20.7377,116.8463,74.97,64,70,9.69
509,Novyy Urgal,RU,2022-05-07 20:33:41,51.0736,132.5642,33.6,79,11,2.64
510,Manzhouli,CN,2022-05-07 20:33:42,49.6,117.4333,41.2,48,3,3.96
511,Rudbar,AF,2022-05-07 20:33:42,30.15,62.6,88.11,12,39,2.66
512,Harper,LR,2022-05-07 20:33:43,4.375,-7.7169,81.32,81,100,8.12
513,Buala,SB,2022-05-07 20:33:43,-8.145,159.5921,81.7,81,95,7.78
514,Brande,DK,2022-05-07 20:33:44,55.9381,9.1218,45.73,69,17,12.59
515,Williams Lake,CA,2022-05-07 20:33:44,52.1415,-122.1445,56.05,35,75,6.91
516,Lata,PT,2022-05-07 20:29:38,40.1629,-8.3327,61.86,62,100,1.95
517,Nara,JP,2022-05-07 20:33:45,34.6851,135.8049,58.32,67,35,5.61
518,Olafsvik,IS,2022-05-07 20:33:45,64.8945,-23.7142,43.74,84,100,15.57
519,Narsaq,GL,2022-05-07 20:33:46,60.9167,-46.05,52.02,64,100,7.9
520,Berbera,SO,2022-05-07 20:33:46,10.4396,45.0143,85.64,72,29,5.53
521,Raga,SS,2022-05-07 20:33:47,8.4596,25.678,78.26,59,100,4.45
522,Amalapuram,IN,2022-05-07 20:33:47,16.5833,82.0167,79.95,91,82,4.38
523,Muros,ES,2022-05-07 20:33:48,42.7762,-9.0603,68.68,60,100,3.6
524,Mwinilunga,ZM,2022-05-07 20:33:48,-11.7358,24.4293,61.59,76,40,3.18
525,Clyde River,CA,2022-05-07 20:33:49,70.4692,-68.5914,21.43,79,75,4.61
526,Boffa,GN,2022-05-07 20:33:49,10.1667,-14.0333,81.5,80,21,7.16
527,Zhigansk,RU,2022-05-07 20:33:50,66.7697,123.3711,23.56,86,100,8.88
528,Wuwei,CN,2022-05-07 20:33:50,37.9281,102.6414,58.12,24,100,4.59
529,Altamira,BR,2022-05-07 20:33:51,-3.2033,-52.2064,86.09,70,75,2.3
530,Mehamn,NO,2022-05-07 20:33:51,71.0357,27.8492,36.25,96,99,23.09
531,Librazhd,AL,2022-05-07 20:33:52,41.1794,20.315,57.34,78,96,7.14
532,Tura,IN,2022-05-07 20:33:52,25.5198,90.2201,72.48,78,0,2.93
533,Pointe-Noire,CG,2022-05-07 20:33:53,-4.7761,11.8635,77.23,85,70,4.07
534,Bentiu,SS,2022-05-07 20:33:53,9.2333,29.8333,82.22,61,100,1.61
535,Gongzhuling,CN,2022-05-07 20:33:54,43.5008,124.8198,46.98,23,100,7.81
536,Susehri,TR,2022-05-07 20:33:54,40.1644,38.0867,43.57,83,96,4.68
537,Ust-Kuyga,RU,2022-05-07 20:33:55,70.0167,135.6,9.27,94,94,7.23
538,Kamaishi,JP,2022-05-07 20:33:55,39.2667,141.8833,48.42,82,87,6.51
539,Sorland,NO,2022-05-07 20:29:34,67.667,12.6934,37.36,58,95,23.98
540,Mareeba,AU,2022-05-07 20:34:06,-17.0,145.4333,72.32,92,100,2.82
541,Mocuba,MZ,2022-05-07 20:34:06,-16.8392,36.9856,65.79,98,6,2.48
542,Krasnoselkup,RU,2022-05-07 20:34:07,65.7,82.4667,7.23,93,38,15.73
543,Mirabad,AF,2022-05-07 20:34:07,30.4362,61.8383,91.06,11,65,7.52
544,Shelburne,CA,2022-05-07 20:34:08,44.0787,-80.2041,58.3,33,6,11.05
545,Chumikan,RU,2022-05-07 20:34:08,54.7183,135.315,33.31,79,5,11.39
546,Chagoda,RU,2022-05-07 20:34:09,59.164,35.3285,48.33,87,47,9.51
547,Pahrump,US,2022-05-07 20:34:09,36.2083,-115.9839,86.45,16,71,5.99
548,Shiyan,CN,2022-05-07 20:34:10,32.6475,110.7781,57.25,82,54,1.61
549,San Joaquin,US,2022-05-07 20:34:10,37.9333,-121.3011,72.32,39,0,11.5
550,Shizunai,JP,2022-05-07 20:34:11,42.3339,142.3669,45.5,86,32,13.65
551,Pitimbu,BR,2022-05-07 20:34:11,-7.4706,-34.8086,75.79,79,95,8.48
552,Mtinko,TZ,2022-05-07 20:34:12,-4.55,34.85,62.65,71,11,9.62
553,Pobe,BJ,2022-05-07 20:34:12,6.9801,2.6649,75.85,88,37,4.88
554,Saint-Augustin,CA,2022-05-07 20:34:13,51.226,-58.6502,41.23,46,100,14.12
555,Brokopondo,SR,2022-05-07 20:34:13,4.75,-55.1667,79.41,88,54,6.89
556,Shamkhal,RU,2022-05-07 20:34:14,43.0596,47.3373,50.02,82,100,15.14
557,Juegang,CN,2022-05-07 20:34:14,32.3174,121.1855,61.92,75,7,10.02
558,Charters Towers,AU,2022-05-07 20:34:15,-20.1,146.2667,68.58,92,100,10.38
559,Tselinnoye,RU,2022-05-07 20:34:15,53.0833,85.6667,35.51,49,12,6.49
560,Mapimi,MX,2022-05-07 20:34:16,25.8167,-103.85,96.49,9,1,3.49
561,Banyo,CM,2022-05-07 20:34:17,6.75,11.8167,66.83,95,100,4.14
562,Ramos Arizpe,MX,2022-05-07 20:34:17,25.55,-100.9667,97.95,20,0,11.5
563,Wichian Buri,TH,2022-05-07 20:34:18,15.6578,101.106,79.18,86,100,2.91
564,Sur,OM,2022-05-07 20:34:18,22.5667,59.5289,84.34,61,0,12.41
565,Alfenas,BR,2022-05-07 20:34:19,-21.4292,-45.9472,66.18,78,21,3.65
566,Los Llanos De Aridane,ES,2022-05-07 20:34:19,28.6585,-17.9182,65.95,89,20,12.66
567,Thinadhoo,MV,2022-05-07 20:34:20,0.5333,72.9333,84.07,77,58,15.43
